<?xml version="1.0" encoding="UTF-8"?>
<beans xmlns="http://www.springframework.org/schema/beans"
	xmlns:xsi="http://www.w3.org/2001/XMLSchema-instance"
	xmlns:context="http://www.springframework.org/schema/context"
	xmlns:aop="http://www.springframework.org/schema/aop"
	xmlns:tx="http://www.springframework.org/schema/tx"
	xmlns:mvc="http://www.springframework.org/schema/mvc"
	xsi:schemaLocation="http://www.springframework.org/schema/beans  
           http://www.springframework.org/schema/beans/spring-beans-3.0.xsd  
           http://www.springframework.org/schema/context http://www.springframework.org/schema/context/spring-context-4.0.xsd  
           http://www.springframework.org/schema/aop http://www.springframework.org/schema/aop/spring-aop-4.0.xsd  
           http://www.springframework.org/schema/tx http://www.springframework.org/schema/tx/spring-tx-4.0.xsd
           http://www.springframework.org/schema/mvc http://www.springframework.org/schema/mvc/spring-mvc-4.0.xsd">
    <!-- 自动扫描的包注解  -->
	<context:component-scan base-package="com.huiyuan"></context:component-scan>
	<!-- 自动注入  配置页面间跳转、静态资源访问、类型转换器等需要此配置  -->
	<mvc:annotation-driven />
	<!-- 视图解析器 -->
	<bean id="viewResolver"
		class="org.springframework.web.servlet.view.InternalResourceViewResolver">
		<property name="prefix" value="/" />
		<property name="suffix" value=".jsp" />
	</bean>
	
	<!-- 异常解析器 -->
	<!--  <bean id="simpleMappingExceptionResolver" class="org.springframework.web.servlet.handler.SimpleMappingExceptionResolver">
		<property name="defaultErrorView" value="common/error" />
		</bean> -->

	<!-- 拦截器  -->
	<!-- <mvc:interceptors>
		<mvc:interceptor>
		<mvc:mapping path="/admin/*/*" />
		<bean class="com.filter.CommonInterceptor"></bean>
		</mvc:interceptor>
		</mvc:interceptors> -->

	<!-- 上传文件相关的配置 -->
	<bean id="multipartResolver"
		class="org.springframework.web.multipart.commons.CommonsMultipartResolver">
		<property name="defaultEncoding" value="utf-8" />
		<property name="maxUploadSize" value="104857600" />
		<property name="maxInMemorySize" value="4096" />
	</bean>
	<!-- 配置静态资源访问 -->
	<mvc:default-servlet-handler />
</beans>