<?xml version="1.0" encoding="UTF-8"?>
<beans xmlns="http://www.springframework.org/schema/beans"
	xmlns:xsi="http://www.w3.org/2001/XMLSchema-instance" xmlns:p="http://www.springframework.org/schema/p"
	xmlns:aop="http://www.springframework.org/schema/aop" xmlns:context="http://www.springframework.org/schema/context"
	xmlns:jee="http://www.springframework.org/schema/jee" xmlns:tx="http://www.springframework.org/schema/tx"
	xsi:schemaLocation="    
        http://www.springframework.org/schema/aop http://www.springframework.org/schema/aop/spring-aop-4.0.xsd  
        http://www.springframework.org/schema/beans http://www.springframework.org/schema/beans/spring-beans-4.0.xsd  
        http://www.springframework.org/schema/context http://www.springframework.org/schema/context/spring-context-4.0.xsd  
        http://www.springframework.org/schema/jee http://www.springframework.org/schema/jee/spring-jee-4.0.xsd  
        http://www.springframework.org/schema/tx http://www.springframework.org/schema/tx/spring-tx-4.0.xsd">

	<!-- 导入springMvc.xml配置文件 -->
	<!-- <import resource="classpath:config/spring-mvc.xml" /> -->

	<!-- spring annotation声明 -->
	<context:annotation-config></context:annotation-config>
	<context:component-scan base-package="com.huiyuan">
	</context:component-scan>

	<!-- 声明AOP -->
	<aop:aspectj-autoproxy proxy-target-class="true"></aop:aspectj-autoproxy>

	<!-- 声明可读取配置文件，在本XML中就可用${}取到xxx.properties文件的值 -->
	<bean
		class="org.springframework.beans.factory.config.PropertyPlaceholderConfigurer">
		<property name="location" value="classpath:config/datasource.properties"></property>
	</bean>

	<!-- 定义数据源 -->
	<bean id="dataSource" class="com.mchange.v2.c3p0.ComboPooledDataSource"
		destroy-method="close">
		<property name="driverClass">
			<value>${datasource.driverClassName}</value>
		</property>
		<property name="jdbcUrl">
			<value>${datasource.url}</value>
		</property>
		<property name="user">
			<value>${datasource.username}</value>
		</property>
		<property name="password">
			<value>${datasource.password}</value>
		</property>
		<property name="acquireIncrement">
			<value>${c3p0.acquireIncrement}</value>
		</property>
		<property name="initialPoolSize">
			<value>${c3p0.initialPoolSize}</value>
		</property>
		<property name="minPoolSize">
			<value>${c3p0.minPoolSize}</value>
		</property>
		<property name="maxPoolSize">
			<value>${c3p0.maxPoolSize}</value>
		</property>
		<property name="maxIdleTime">
			<value>${c3p0.maxIdleTime}</value>
		</property>
		<property name="idleConnectionTestPeriod">
			<value>${c3p0.idleConnectionTestPeriod}</value>
		</property>
		<property name="maxStatements">
			<value>${c3p0.maxStatements}</value>
		</property>
		<property name="numHelperThreads">
			<value>${c3p0.numHelperThreads}</value>
		</property>
	</bean>
	<!-- 配置sessionFactory -->
	<bean id="sessionFactory"
		class="org.springframework.orm.hibernate4.LocalSessionFactoryBean">
		<!-- 配置数据源 -->
		<property name="dataSource">
			<ref bean="dataSource"></ref>
		</property>
		<!-- hibernate的相关属性配置 -->
		<property name="hibernateProperties">
			<props>
				<!-- <prop key="hibernate.hbm2ddl.auto">
					update 
				</prop> -->
				<prop key="hibernate.dialect">
					${hibernate.dialect}
				</prop>
				<prop key="hibernate.show_sql">
					${hibernate.show_sql}
				</prop>
				<prop key="hibernate.format_sql">
					${hibernate.format_sql}
				</prop>
				<prop key="hibernate.jdbc.fetch_size">
					${hibernate.jdbc.fetch_size}
				</prop>
				<prop key="hibernate.jdbc.batch_size">
					${hibernate.jdbc.batch_size}
				</prop>
				<prop key="hibernate.cglib.use_reflection_optimizer">
					false
				</prop>
				<prop key="hibernate.connection.release_mode">
					${hibernate.connection.release_mode}
				</prop>
				<!-- <prop key="hibernate.current_session_context_class">thread</prop> -->
			</props>
		</property>
		<!-- 配置实体扫描的包 -->
		<property name="packagesToScan">
			<list>
				<value>com.huiyuan.weixin.sys.pojo</value>
				<value>com.huiyuan.weixin.basic.pojo</value>
				<value>com.huiyuan.weixin.hr.pojo</value>
			</list>
		</property>
	</bean>
	<!-- 注入hibernateTemplate -->
	<bean id="hibernateTemplate" class="org.springframework.orm.hibernate4.HibernateTemplate">
		<property name="sessionFactory" ref="sessionFactory"></property>
	</bean>
	<!-- 定义事务管理 -->
	<bean id="transactionManager"
		class="org.springframework.orm.hibernate4.HibernateTransactionManager">
		<property name="sessionFactory" ref="sessionFactory" />
	</bean>
	<!--使用基于注解方式配置事务 -->
	<tx:annotation-driven transaction-manager="transactionManager"/>

	<!-- 定义 Autowired 自动注入 bean -->
	<bean
		class="org.springframework.beans.factory.annotation.AutowiredAnnotationBeanPostProcessor" />
	<!-- 配置事务异常封装 -->
	<bean id="persistenceExceptionTranslationPostProcessor"
		class="org.springframework.dao.annotation.PersistenceExceptionTranslationPostProcessor" />
	
	<!-- <bean class="com.huiyuan.core.util.HibernateConfigurationUtil" /> -->
</beans>  